Honorific,Salutation,Post Nominals,Surname,First Name,Other Name,Preferred Name,Initials,Electorate,State,Political Party,Gender,Telephone,Electorate Address Line 1,Electorate Address Line 2,Electorate Suburb,Electorate State,Electorate PostCode,Electorate Telephone,Electorate Fax,Electorate TollFree,Electorate Postal Address,Electorate Postal Suburb,Electorate Postal State,Electorate Postal Postcode,Label Address,Label Suburb,Label State,Label Postcode,Parliamentary Title,Ministerial Title
Mr,Mr,MP,Abdo,Basem,Jamal,Basem,B. J.,Calwell,VIC,ALP,Male,(02) 6277 4503,14 Dimboola Road,,Broadmeadows,VIC,3047,(03) 9367 5216,,,PO Box 3218,Broadmeadows,VIC,3047,,,,,,
Hon,Mr,MP,Albanese,Anthony,Norman,Anthony,A. N.,Grayndler,NSW,ALP,Male,(02) 6277 7700,334A Marrickville Road,,Marrickville,NSW,2204,(02) 9564 3588,(02) 9564 1734,,PO Box 5100,Marrickville,NSW,2204,,,,,,Prime Minister
Ms,Ms,MP,Aldred,Mary,Rose,Mary,M. R.,Monash,VIC,LP,Female,(02) 6277 4507,46C Albert Street,,Warragul,VIC,3820,(03) 5614 3600,,,46C Albert Street,Warragul,VIC,3820,,,,,,
Hon Dr,Dr,MP,Aly,Anne,,Anne,A.,Cowan,WA,ALP,Female,(02) 6277 7630,"Shop 6A, Stirling Central Shopping Central",478 Wanneroo Road,Westminster,WA,6061,(08) 9409 4517,,,PO Box 219,Kingsway,WA,6065,,,,,,"Minister for Small BusinessMinister for International DevelopmentMinister for Multicultural Affairs"
Ms,Ms,MP,Ambihaipahar,Ash,,Ash,A.,Barton,NSW,ALP,Female,(02) 6277 4511,"Level 2, 24 Montgomery Street",,Kogarah,NSW,2217,(02) 9587 1555,,,PO Box 32,Kogarah,NSW,2217,,,,,,
Mr,Mr,MP,Batt,David,John,David,D. J.,Hinkler,QLD,LNP,Male,(02) 6277 4517,41 Woongarra Street,,Bundaberg,QLD,4670,(07) 4152 0744,,,PO Box 535,Bundaberg,QLD,4670,,,,,Deputy Nationals Whip,
Ms,Ms,MP,Bell,Angie,Marion,Angie,A. M,Moncrieff,QLD,LNP,Female,(02) 6277 4390,65-67 Thomas Drive,,Chevron Island ,QLD,4217,(07) 5504 6000,,,PO Box 4922,Gold Coast MC,QLD,9726,,,,,,
Ms,Ms,MP,Belyea,Jodie,Anne,Jodie,J. A.,Dunkley,VIC,ALP,Female,(02) 6277 4370,37 Playne Street,,Frankston,VIC,3199,(03) 9781 2333,,,,,,,,,,,,
Ms,Ms,MP,Berry,Carol,Gaye,Carol,C. G.,Whitlam,NSW,ALP,Female,(02) 6277 4525,"Shop 244, Stockland Shopping Centre",,Shellharbour,NSW,2529,(02) 4297 2285,,,PO Box 264,Shellharbour City Centre,NSW,2529,,,,,,
Mr,Mr,MP,Birrell,Sam,James,Sam,S. J.,Nicholls,VIC,NATS,Male,(02) 6277 2130,426 Wyndham Street,,Shepparton,VIC,3630,(03) 5821 5371,,,PO Box 884,Shepparton,VIC,3632,,,,,,
Ms,Ms,MP,Boele,Nicolette,,Nicolette,N.,Bradfield,NSW,IND,Female,(02) 6277 4528,"Suite 1, Level 2, 280 Pacific Highway",,Lindfield,NSW,2070,(02) 9465 3950,,,"Suite 1, Level 2, 280 Pacific Highway",Lindfield,NSW,2070,,,,,,
Hon,Mr,MP,Bowen,Christopher,Eyles,Chris,C. E.,McMahon,NSW,ALP,Male,(02) 6277 7120,Shops 3 & 4,398 Hamilton Road,Fairfield,NSW,2165,(02) 9604 0710,(02) 9609 3873,,PO Box W210,Fairfield West,NSW,2165,,,,,,Minister for Climate Change and Energy
Mr,Mr,MP,Boyce,Colin,Einar,Colin,C. E.,Flynn,QLD,LNP,Male,(02) 6277 2115,76 Goondoon Street,,Gladstone,QLD,4680,(07) 4972 5465,,,PO Box 5306,Gladstone,QLD,4680,,,,,,
Ms,Ms,MP,Briskey,Joanna,Leigh,Jo,J. L.,Maribyrnong,VIC,ALP,Female,(02) 6277 4530,"Suite 1A, 12 Hall Street",,Moonee Ponds,VIC,3039,(03) 9326 1300,,,PO Box 214,Moonee Ponds,VIC,3039,,,,,,
Hon,Mr,MP,Buchholz,Scott,,,S.,Wright,QLD,LNP,Male,(02) 6277 4144,21 William Street,,Beaudesert,QLD,4285,(07) 5541 0150,(07) 5541 4150,,PO Box 628,Beaudesert,QLD,4285,,,,,,
Hon,Mr,MP,Burke,Anthony,Stephen,Tony,A. S.,Watson,NSW,ALP,Male,(02) 6277 7860,"Shop 29, Broadway Plaza",,Punchbowl,NSW,2196,(02) 9750 9088,(02) 9759 2859,,PO Box 156,Punchbowl,NSW,2196,,,,,Leader of the House,"Minister for the ArtsMinister for Home AffairsMinister for Cyber SecurityMinister for Immigration and Citizenship"
Mr,Mr,MP,Burnell,Matt,Paul,Matt,M. P.,Spence,SA,ALP,Male,(02) 6277 4495,"Tenancy 8, 2-10 James Street",,Salisbury,SA,5108,(08) 8258 6300,,,,,,,,,,,,
Mr,Mr,MP,Burns,Josh,,Josh,J.,Macnamara,VIC,ALP,Male,(02) 6277 4479,219 Barkly Street,,St Kilda,VIC,3182,(03) 9534 8126,,,219 Barkly Street,St Kilda,VIC,3182,,,,,,
Hon,Mr,MP,Butler,Mark,Christopher,,M. C.,Hindmarsh,SA,ALP,Male,(02) 6277 7220,21 Commercial Road,,Port Adelaide,SA,5015,(08) 8241 0190,,,PO Box 2038,Port Adelaide,SA,5015,,,,,Deputy Leader of the House,"Minister for Disability and the National Disability Insurance SchemeMinister for Health and Ageing"
Ms,Ms,MP,Byrnes,Alison,Joy,Alison,A. J.,Cunningham,NSW,ALP,Female,(02) 6277 4532,74 Crown Street,,Wollongong,NSW,2500,(02) 4228 5899,,,,,,,,,,,,
Mr,Mr,MP,Caldwell,Cameron,Mackenzie,Cameron,C. M.,Fadden,QLD,LNP,Male,(02) 6277 2041,"Unit 1, 110 Brisbane Road",,Labrador,QLD,4215,(07) 5500 5919,,,Po Box 733,Biggera Waters,QLD,4216,,,,,Opposition Whip,
Ms,Ms,MP,Campbell,Julie-Ann,Patricia,Julie-Ann,J. P.,Moreton,QLD,ALP,Female,(02) 6277 4536,"Suite 106, Sunnybank Times Square, 250 McCullough Street",,Sunnybank,QLD,4109,(07) 3344 2622,,,PO Box 419,Sunnybank,QLD,4109,,,,,,
Mr,Mr,MP,Chaffey,Jamie,Lesley,Jamie,J. L.,Parkes,NSW,NATS,Male,(02) 6277 4538,Brookfield House 275 Argent St,,Broken Hill,NSW,2880,(08) 8087 7649,,,PO Box 443,Broken Hill,NSW,2880,,,,,,
Hon Dr,Dr,MP,Chalmers,James,Edward,Jim,J. E.,Rankin,QLD,ALP,Male,(02) 6277 7340,"Unit 2A, Logan Central Plaza",38-74 Wembley Road,Logan Central,QLD,4114,(07) 3299 5910,(07) 3208 8744,,PO Box 349,Woodridge,QLD,4114,,,,,,Treasurer
Ms,Ms,MP,Chaney,Kate,Ella,Kate,K. E.,Curtin,WA,IND,Female,(02) 6277 4655,Shop 98 Floreat Forum Shopping Centre,5 Howtree Place,Floreat,WA,6014,(08) 9388 0288,,,PO Box 186,Floreat,WA,6014,,,,,,
Hon Dr,Dr,MP,Charlton,Andrew,Henry George,Andrew,A. H. G.,Parramatta,NSW,ALP,Male,(02) 6277 4635,"Shops 1 & 2, 25 Smith St",,Parramatta,NSW,2150,(02) 9689 1455,,,PO Box 395,Parramatta,NSW,2124,,,,,,"Cabinet SecretaryAssistant Minister for Science, Technology and the Digital Economy"
Hon,Mr,MP,Chester,Darren,Jeffrey,Darren,D. J.,Gippsland,VIC,NATS,Male,(02) 6277 4728,"Level 1, 89 Raymond Street",,Sale,VIC,3850,(03) 5144 6744,(03) 5144 3945,,PO Box 486,Sale,VIC,3853,,,,,,
Ms,Ms,MP,Chesters,Lisa,Marie,Lisa,L. M.,Bendigo,VIC,ALP,Female,(02) 6277 4657,Cnr. Williamson & Myers Streets,,Bendigo,VIC,3550,(03) 5443 9055,(03) 5443 9736,,PO Box 338,Bendigo,VIC,3550,,,,,,
Hon,Mr,MP,Clare,Jason,Dean,,J. D.,Blaxland,NSW,ALP,Male,(02) 6277 7350,"Suite 7 Level 1, 400 Chapel Road",,Bankstown,NSW,2200,(02) 9790 2466,,,PO Box 153,Bankstown,NSW,1885,,,,,,Minister for Education
Ms,Ms,MP,Claydon,Sharon,Catherine,Sharon,S. C.,Newcastle,NSW,ALP,Female,(02) 6277 4285,427 Hunter Street,,Newcastle,NSW,2300,(02) 4926 1555,(02) 4926 1895,,427 Hunter Street,Newcastle,NSW,2300,,,,,Deputy Speaker,
Ms,Ms,MP,Clutterham,Claire,Louise,Claire,C. L,Sturt,SA,ALP,Female,(02) 6277 4540,"Level 1, 85 The Parade",,Norwood,SA,5067,(08) 8431 2277,,,"Level 1, 85 The Parade",Norwood,SA,5067,,,,,,
Ms,Ms,MP,Coffey,Renee,Kay,Renee,R. K.,Griffith,QLD,ALP,Female,(02) 6277 4541,76 Old Cleveland Road,,Greenslopes,QLD,4120,(07) 3397 1674,,,PO Box 737,Coorparoo,QLD,4151,,,,,,
Ms,Ms,MP,Coker,Elizabeth,Ann,Libby,E. A.,Corangamite,VIC,ALP,Female,(02) 6277 4363,26/500-540 Torquay Road,,Armstrong Creek,VIC,3217,(03) 5261 7683,,,26/500-540 Torquay Road,Armstrong Creek,VIC,3217,,,,,,
Hon,Ms,MP,Collins,Julie,Maree,,J. M.,Franklin,TAS,ALP,Female,(02) 6277 7190,18 Ross Avenue,,Rosny Park,TAS,7018,(03) 6244 1222,,,PO Box 38,Rosny Park,TAS,7018,,,,,,"Minister for Agriculture, Fisheries and Forestry"
Ms,Ms,MP,Comer,Emma,Louise,Emma,E. L.,Petrie,QLD,ALP,Female,(02) 6277 4543,40 Hornibrook Esplanade,,Clontarf,QLD,4019,(07) 3284 8008,,,PO Box 321,Clontarf,QLD,4019,,,,,,
Mr,Mr,MP,Conaghan,Patrick,John,Pat,P. J.,Cowper,NSW,NATS,Male,(02) 6277 4446,"Level 4, 41-47 Horton Street",,Port Macquarie,NSW,2444,(02) 6583 8387,,,"PO Box 345, Palm Court Centre",Port Macquarie,NSW,2444,,,,,,
Hon,Mr,MP,Conroy,Patrick,Martin,Pat,P. M.,Shortland,NSW,ALP,Male,(02) 6277 7840,Suite 1A,571 Pacific Highway,Belmont,NSW,2280,(02) 4947 9546,(02) 4945 3764,,PO Box 499,Belmont,NSW,2280,,,,,,"Minister for Pacific Island AffairsMinister for Defence Industry"
Ms,Ms,MP,Cook,Kara,May George,Kara,K. M. G.,Bonner,QLD,ALP,Female,(02) 6277 4544,69 Clara Street,,Wynnum,QLD,4178,(07) 3893 3488,,,PO Box 531,Wynnum,QLD,4178,,,,,,
Ms,Ms,MP,Cook,Patricia,Ann,Trish,P. A.,Bullwinkel,WA,ALP,Female,(02) 6277 4545,"Suite 7 and 8,",One The Esplanade,Perth,WA,6000,(08) 9260 5130,,,GPO Box B58,Perth,WA,6838,,,,,,
Hon,Mr,MP,Dick,Dugald,Milton,Milton,M. D.,Oxley,QLD,ALP,Male,(02) 6277 4000,"Unit 3, 205 Government Road",,Richlands,QLD,4077,(07) 3879 6440,(07) 3879 6441,,PO Box 4042,Forest Lake,QLD,4078,,,,,Speaker,
Ms,Ms,MP,Doyle,Mary,Judith Jacinta,Mary,M. J. J.,Aston,VIC,ALP,Female,(02) 6277 2318,"Suite 4, Level 1",420 Burwood Highway,Wantirna South,VIC,3152,(03) 9887 3890,,,"Suite 4, Level 1",Wantirna South,VIC,3152,,,,,,
Hon,Mr,MP KC,Dreyfus,Mark,Alfred,Mark,M. A.,Isaacs,VIC,ALP,Male,(02) 6277 4061,566 Main Street,,Mordialloc,VIC,3195,(03) 9580 4651,,,566 Main Street,Mordialloc,VIC,3195,,,,,,
Hon,Mrs,MP,Elliot,Maria,Justine,Justine,M. J.,Richmond,NSW,ALP,Female,(02) 6277 4554,"Suite 6, Hallmark Centre, 107-111 Minjungbal Drive",,Tweed Heads South,NSW,2486,(07) 5523 4371,(07) 5523 4379,,PO Box 6996,Tweed Heads South,NSW,2486,,,,,,
Ms,Ms,MP,Fernando,Cassandra,Juanita,Cassandra,C. J.,Holt,VIC,ALP,Female,(02) 6277 4706,"Shop 7, 1060 Thompsons Road",,Cranbourne West,VIC,3977,(03) 8790 0556,,,,,,,,,,,,
Ms,Ms,MP,France,Allison,Anne,Ali,A. A.,Dickson,QLD,ALP,Female,(02) 6277 4550,454 Gympie Road,,Strathpine,QLD,4500,(07) 3205 9977,,,PO Box 2012,Strathpine Centre,QLD,4500,,,,,,
Dr,Dr,MP,Freelander,Michael,Randolph,Mike,M. R.,Macarthur,NSW,ALP,Male,(02) 6277 2311,37 Queen Street,,Campbelltown,NSW,2560,(02) 4620 0293,(02) 4620 4414,,PO Box 88,Campbelltown,NSW,2560,,,,,,
Mr,Mr,MP,French,Thomas,Alan,Tom,T. A.,Moore,WA,ALP,Male,(02) 6277 4548,"Suite 6, 129 Grand Boulevard",,Joondalup,WA,6027,(08) 9300 2244,,,"Suite 6, 129 Grand Boulevard",Joondalup,WA,6027,,,,,,
Dr,Dr,MP,Garland,Carina,Mary Lindsay,Carina,C. M. L.,Chisholm,VIC,ALP,Female,(02) 6277 4713,"Ground Floor, 257 Blackburn Road",,Mount Waverley,VIC,3149,(03) 9808 3188,,,PO 3052,Syndal,VIC,3149,,,,,,
Hon,Mr,MP,Gee,Andrew,Robert,Andrew,A. R.,Calare,NSW,IND,Male,(02) 6277 4139,Suite  1/179A Anson Street,,Orange,NSW,2800,(02) 6361 7138,(02) 6362 3480,,PO Box 673,Orange,NSW,2800,,,,,,
Mr,Mr,MP,Georganas,Steven,,Steve,S.,Adelaide,SA,ALP,Male,(02) 6277 4816,161 Main North Road,,Nailsworth,SA,5083,(08) 8269 2433,(08) 8269 2488,,161 Main North Road,Nailsworth,SA,5083,,,,,,
Hon,Mr,MP,Giles,Andrew,James,Andrew,A. J.,Scullin,VIC,ALP,Male,(02) 6277 7430,187-189 High Street,,Thomastown,VIC,3074,(03) 9497 9783,,,PO Box 83,Thomastown,VIC,3074,,,,,,Minister for Skills and Training
Hon,Mr,MP,Gorman,Patrick,Possum,Patrick,P. P.,Perth,WA,ALP,Male,(02) 6277 4995,953A Beaufort Street,,Inglewood,WA,6052,(08) 9272 3411,,,PO Box 901,Inglewood,WA,6932,,,,,,"Assistant Minister to the Prime MinisterAssistant Minister for the Public ServiceAssistant Minister for Employment and Workplace Relations"
Mr,Mr,OAM MP,Gosling,Luke,John,Luke,L. J.,Solomon,NT,ALP,Male,(02) 6277 4933,3/266 Trower Road,,Casuarina,NT,0810,(08) 8928 0180,,,PO Box 43300,Casuarina,NT,0810,,,,,,
Mr,Mr,MP,Gregg,Matthew,John,Matt,M. J.,Deakin,VIC,ALP,Male,(02) 6277 4551,"Unit 5, 602 Whitehorse Road",,Mitcham,VIC,3132,(03) 7066 6599,,,"PO Box 2084, Rangeview LPO",Rangeview,VIC,3132,,,,,,
Dr,Dr,MP,Haines,Helen,Mary,Helen,H. M,Indi,VIC,IND,Female,(02) 6277 4182,117 Murphy Street,,Wangaratta,VIC,3677,(03) 5721 7077,,,117 Murphy Street,Wangaratta,VIC,3677,,,,,,
Mr,Mr,MP,Hamilton,Garth,Russell,Garth,G.,Groom,QLD,LNP,Male,(02) 6277 4630,Ground Floor,516 Ruthven Street,Toowoomba,QLD,4350,(07) 4632 4144,,,PO Box 777,Toowoomba BC,QLD,4350,,,,,,
Hon,Mr,MP,Hastie,Andrew,William,Andrew,A. W.,Canning,WA,LP,Male,(02) 6277 4223,Unit 2,61 Sutton Street,Mandurah,WA,6210,(08) 9534 8044,,,PO Box 968,Mandurah,WA,6210,,,,,,
Hon,Mr,MP,Hawke,Alexander,George,Alex,A. G.,Mitchell,NSW,LP,Male,(02) 6277 4202,Suite 8,23 Terminus Street,Castle Hill,NSW,2154,(02) 9899 7211,,,PO Box 1173,Castle Hill,NSW,1765,,,,,Manager of Opposition Business,
Hon,Mr,MP,Hill,Julian,Christopher,Julian,J. C.,Bruce,VIC,ALP,Male,(02) 6277 2174,45 Robinson Street,,Dandenong,VIC,3175,(03) 9791 7770,,,45 Robinson Street,Dandenong,VIC,3175,,,,,,"Assistant Minister for Citizenship, Customs and Multicultural AffairsAssistant Minister for International Education"
Hon,Mr,MP,Hogan,Kevin,John,Kevin,K. J.,Page,NSW,NATS,Male,(02) 6277 4746,63 Molesworth Street,,Lismore,NSW,2480,(02) 6621 4044,(02) 6621 4255,,63 Molesworth Street,Lismore,NSW,2480,,,,,"Deputy Manager of Opposition BusinessDeputy Leader of the National Party",
Mr,Mr,MP,Holzberger,Rowan,Aubrey Victor,Rowan,R. A. V.,Forde,QLD,ALP,Male,(02) 6277 4556,110-112 George Street,,Beenleigh,QLD,4207,(07) 3807 6340,,,PO Box 884,Beenleigh,QLD,4207,,,,,,
Hon,Mr,MP,Husic,Edham,Nurredin,Ed,E. N.,Chifley,NSW,ALP,Male,(02) 6277 4108,"Shop 41, Plumpton Marketplace",Cnr Hyatts and Jersey Road,Plumpton,NSW,2761,(02) 9625 4344,(02) 9832 2641,,PO Box 589,Plumpton,NSW,2761,,,,,,
Ms,Ms,MP,Jarrett,Madonna,Louise,Madonna,M. L.,Brisbane,QLD,ALP,Female,(02) 6277 4557,349 Sandgate Road,,Albion,QLD,4010,(07) 3862 4044,,,PO Box 143,Albion DC,QLD,4010,,,,,,
Ms,Ms,MP,Jordan-Baird,Marion Alice,Marguerite,Alice,M. A. M.,Gorton,VIC,ALP,Female,(02) 6277 4561,"Shop 3, 11 Commercial Road",,Caroline Springs,VIC,3023,(03) 8390 6166,,,"Shop 3, 11 Commercial Road",Caroline Springs,VIC,3023,,,,,,
Hon,Mr,MP,Joyce,Barnaby,Thomas Gerard,Barnaby,B. T. G.,New England,NSW,NATS,Male,(02) 6277 4214,Suite 17,454-456 Peel Street,Tamworth,NSW,2340,(02) 6761 3080,,,PO Box 963,Tamworth,NSW,2340,,,,,,
Hon,Mr,MP,Katter,Robert,Carl,Bob,R. C.,Kennedy,QLD,KAP,Male,(02) 6277 4978,14-20 Rankin Street,,Innisfail,QLD,4860,(07) 4061 6066,(07) 4061 6566,,PO Box 1638,Innisfail,QLD,4860,,,,,,
Hon,Ms,MP,Kearney,Gerardine,Mary,Ged,G. M.,Cooper,VIC,ALP,Female,(02) 6277 4152,159 High Street,,Preston,VIC,3072,(03) 9416 8690,,,159 High Street,Preston,VIC,3072,,,,,,"Assistant Minister for Social ServicesAssistant Minister for the Prevention of Family Violence"
Mr,Mr,MP,Kennedy,Simon,Peter,Simon,S. P.,Cook,NSW,LP,Male,(02) 6277 4237,"Suite 102, Level 1",30 The Kingsway,Cronulla,NSW,2230,(02) 9523 0339,,,PO Box 1306,Cronulla,NSW,2230,,,,,,
Hon,Mr,MP,Keogh,Matt,James,Matt,M. J.,Burt,WA,ALP,Male,(02) 6277 7825,Unit 2,2808 Albany Highway,Kelmscott,WA,6111,(08) 9390 0180,,,PO Box 465,Kelmscott,WA,6991,,,,,,"Minister for Veterans' AffairsMinister for Defence Personnel"
Hon,Mr,MP,Khalil,Peter,,Peter,P.,Wills,VIC,ALP,Male,(02) 6277 4857,466 - 468 Sydney Road,,Coburg,VIC,3058,(03) 9350 5777,,,PO Box 84,Coburg,VIC,3058,,,,,,Assistant Minister for Defence
Hon,Ms,MP,King,Catherine,Fiona,,C. F.,Ballarat,VIC,ALP,Female,(02) 6277 7520,5 Lydiard Street North,,Ballarat,VIC,3350,(03) 5338 8123,,,PO Box 719,Ballarat,VIC,3353,,,,,,"Minister for Infrastructure, Transport, Regional Development and Local Government"
Hon,Ms,MP,King,Madeleine,Mary Harvie,Madeleine,M. M. H.,Brand,WA,ALP,Female,(02) 6277 7930,Unit 1 & 2,1-3 Kent Street,Rockingham,WA,6168,(08) 9527 9377,,,PO Box 5062,Rockingham Beach,WA,6969,,,,,,"Minister for ResourcesMinister for Northern Australia"
Hon,Ms,MP,Landry,Michelle,Leanne,Michelle,M. L.,Capricornia,QLD,LNP,Female,(02) 6277 4283,3/71-73 Denham Street,,Rockhampton,QLD,4700,(07) 4922 6604,(07) 4922 6607,,PO Box 1919,Rockhampton,QLD,4700,,,,,Chief Nationals Whip,
Ms,Ms,MP,Lawrence,Tania,Natalie,Tania,T. N.,Hasluck,WA,ALP,Female,(02) 6277 4761,Shop 2,257 Great Eastern Highway,Midland,WA,6056,(08) 6245 3340,,,PO Box 3479,Midland,WA,6056,,,,,,
Mr,Mr,MP,Laxale,Jerome,Alexandre Alain,Jerome,J. A. A.,Bennelong,NSW,ALP,Male,(02) 6277 4847,32 Beecroft Road,,Epping,NSW,2121,(02) 9869 4288,,,PO Box 872,Epping,NSW,2121,,,,,,
Ms,Ms,MP,Le,Dai,Trang,Dai,D. T.,Fowler,NSW,IND,Female,(02) 6277 4719,270 Canley Vale Road,,Canley Heights,NSW,2166,(02) 9726 3988,,,PO Box 105,Canley Heights,NSW,2166,,,,,,
Mr,Mr,MP,Leeser,Julian,,Julian,J.,Berowra,NSW,LP,Male,(02) 6277 4826,"Level 11, 423 Pennant Hills Road",,Pennant Hills,NSW,2120,(02) 9980 1822,(02) 9980 1833,,PO Box 4389,Thornleigh,NSW,2120,,,,,,
Hon Dr,Dr,MP,Leigh,Andrew,Keith,,A. K.,Fenner,ACT,ALP,Male,(02) 6277 4140,Cnr Gungahlin Pl & Efkarpidis St,,Gungahlin,ACT,2912,(02) 6247 4396,(02) 6247 3457,,Cnr Gungahlin Pl & Efkarpidis St,Gungahlin,ACT,2912,,,,,,"Assistant Minister for Productivity, Competition, Charities and Treasury"
Hon,Ms,MP,Ley,Sussan,Penelope,,S. P.,Farrer,NSW,LP,Female,(02) 6277 4022,517 Kiewa Street,,Albury,NSW,2640,(02) 6021 3264,,1300 303 203,PO Box 672,Albury,NSW,2640,,,,,Leader of the Opposition,
Mr,Mr,MP,Lim,Sam,Bon Cheng,Sam,S. B. C.,Tangney,WA,ALP,Male,(02) 6277 4723,6 Aveley Street,,Willetton,WA,6155,(08) 9354 9633,,,PO Box 329,Willetton,WA,6155,,,,,,
Hon,Mr,MP,Littleproud,David,,David,D.,Maranoa,QLD,LNP,Male,(02) 6277 4231,"T40-42, Dalby Shopping World",17-67 Cunningham Street,Dalby,QLD,4405,(07) 4662 2715,,,PO Box 641,Dalby,QLD,4405,,,,,Leader of the Nationals,
Hon,Mr,MP,Marles,Richard,Donald,,R. D.,Corio,VIC,ALP,Male,(02) 6277 7800,"Suite 1, Ground Floor",92-100 Brougham Street,Geelong,VIC,3220,(03) 5221 3033,(03) 5222 4505,,PO BOX 4160,Geelong,VIC,3220,,,,,,"Deputy Prime MinisterMinister for Defence"
Ms,Ms,MP,Mascarenhas,Zaneta,Felice Antoinetta,Zaneta,Z. F. A.,Swan,WA,ALP,Female,(02) 6277 4850,"G3, 59 Albany Highway",,Victoria Park,WA,6101,(08) 9355 0099,,,PO Box 1060,Victoria Park,WA,6981,,,,,,
Hon,Ms,MP,McBain,Kristy,Louise,Kristy,K. L.,Eden-Monaro,NSW,ALP,Female,(02) 6277 7060,1/21-25 Monaro Street,,Queanbeyan,NSW,2620,(02) 6284 2442,,,PO Box 214,Queanbeyan,NSW,2620,,,,,,"Minister for Regional Development, Local Government and TerritoriesMinister for Emergency Management"
Hon,Ms,MP,McBride,Emma,Margaret,Emma,E. M.,Dobell,NSW,ALP,Female,(02) 6277 4515,"T6 - T7, Village Central",18-34 Alison Road,Wyong,NSW,2259,(02) 4353 0127,(02) 4353 0248,,PO Box 111,Wyong,NSW,2259,,,,,,"Assistant Minister for Mental Health and Suicide PreventionAssistant Minister for Rural and Regional Health"
Hon,Mr,MP,McCormack,Michael,Francis,Michael,M. F.,Riverina,NSW,NATS,Male,(02) 6277 4054,Suite 2,11-15 Fitzmaurice Street,Wagga Wagga,NSW,2650,(02) 6921 4600,(02) 6921 5900,,"Suite 2, 11-15 Fitzmaurice Street",Wagga Wagga,NSW,2650,,,,,,
Mrs,Mrs,MP,McIntosh,Melissa,Iris,Melissa,M. I.,Lindsay,NSW,LP,Female,(02) 6277 4492,Ground Floor,331 High Street,Penrith,NSW,2750,(02) 4722 0600,,,PO Box 712,Penrith,NSW,2750,,,,,,
Ms,Ms,MP,McKenzie,Zoe,Anne,Zoe,Z. A.,Flinders,VIC,LP,Female,(02) 6277 4866,1/49 Eramosa Road West,,Somerville,VIC,3912,(03) 5977 9082,,,PO Box 647,Somerville,VIC,3912,,,,,,
Ms,Ms,MP,Miller-Frost,Louise,Jane,Louise,L. J.,Boothby,SA,ALP,Female,(02) 6277 2116,"Shop 2, 670 ANZAC Highway",,Glenelg,SA,5045,(08) 8374 0511,,,PO Box 570,Glenelg,SA,5045,,,,,,
Mr,Mr,MP,Mitchell,Robert,George,Rob,R. G.,McEwen,VIC,ALP,Male,(02) 6277 4117,57-59 High Street,,Wallan,VIC,3756,(03) 5716 3000,,1300 701 966,PO Box 380,Wallan,VIC,3756,,,,,,
Mr,Mr,MP,Moncrieff,David,Sidney,David,D. S.,Hughes,NSW,ALP,Male,(02) 6277 4566,"Shop 1, 9-15, East Parade",,Sutherland,NSW,2232,(02) 9521 6262,,,PO Box 1014,Sutherland,NSW,2232,,,,,,
Hon Dr,Dr,MP,Mulino,Daniel,,Daniel,D. ,Fraser,VIC,ALP,Male,(02) 6277 7230,Shop 1 25-27 Clarke Street,,Sunshine,VIC,3020,(03) 9070 1974,,,Po Box 202,Sunshine,VIC,3020,,,,,,"Assistant TreasurerMinister for Financial Services"
Hon,Mr,MP,Neumann,Shayne,Kenneth,,S. K.,Blair,QLD,ALP,Male,(02) 6277 4755,"Level 1, The Tarpaulin Building",2 The Terrace,North Ipswich,QLD,4305,(07) 3201 5300,,,PO Box 2579,North Ipswich LPO,QLD,4305,,,,,,
Mr,Mr,MP,Ng,Gabriel,James,Gabriel,G. J.,Menzies,VIC,ALP,Male,(02) 6277 4567,"Level 1, 651-653 Doncaster Road",,Doncaster,VIC,3108,(03) 7066 6590,,,PO Box 124,Doncaster,VIC,3108,,,,,,
Mr,Mr,MP,O'Brien,Edward,Lynam,Ted,E. L.,Fairfax,QLD,LNP,Male,(02) 6277 4130,17 Southern Drive,,Maroochydore,QLD,4558,(07) 5479 2800,(07) 5443 5333,,PO Box 1978,Sunshine Plaza,QLD,4558,,,,,Deputy Leader of the Opposition,
Mr,Mr,MP,O'Brien,Llewellyn,Stephen,Llew,L. S.,Wide Bay,QLD,LNP,Male,(02) 6277 2301,319 Kent Street,,Maryborough,QLD,4650,(07) 4121 2936,,,PO Box 283,Maryborough,QLD,4650,,,,,,
Hon,Ms,MP,O'Neil,Clare,Ellen,,C. E.,Hotham,VIC,ALP,Female,(02) 6277 7610,17-19 Atherton Road,,Oakleigh,VIC,3166,(03) 9545 6211,(03) 9545 6299,,PO Box 56,Oakleigh,VIC,3166,,,,,,"Minister for HousingMinister for HomelessnessMinister for Cities"
Mr,Mr,MP,Pasin,Antony,,Tony,A.,Barker,SA,LP,Male,(02) 6277 4864,27 Commercial Street,,Mt Gambier,SA,5290,(08) 8724 7730,(08) 8723 2230,1300 723 935,27 Commercial Street,Mt Gambier,SA,5290,,,,,,
Ms,Ms,MP,Payne,Alicia,Emma,Alicia,A. E.,Canberra,ACT,ALP,Female,(02) 6277 4168,221 London Circuit,,Canberra,ACT,2601,(02) 6247 8475,,,221 London Circuit,Canberra,ACT,2601,,,,,,
Ms,Ms,MP,Penfold,Alison,Louise,Alison,A. L.,Lyne,NSW,NATS,Female,(02) 6277 4569,"Shops 2 & 3, 43 High Street",,Wauchope,NSW,2446,(02) 6586 4462,,,PO Box 244,Wauchope,NSW,2446,,,,,,
Mrs,Mrs,MP,Phillips,Fiona,Evon,Fiona,F. E.,Gilmore,NSW,ALP,Female,(02) 6277 4372,Unit 3,59 Junction Street,Nowra,NSW,2541,(02) 4423 1782,,,PO Box 1009,Nowra,NSW,2541,,,,,,
Mr,Mr,MP,Pike,Henry,Jon,Henry,H. J.,Bowman,QLD,LNP,Male,(02) 6277 4874,"Ground floor,","Unit 1 124, Queen Street",Cleveland,QLD,4163,(07) 3821 0155,,,PO Box 8024,Cleveland DC,QLD,4163,,,,,Opposition Whip,
Hon,Ms,MP,Plibersek,Tanya,Joan,,T. J.,Sydney,NSW,ALP,Female,(02) 6277 7560,1a Great Buckingham Street (cnr. Cleveland Street),Redfern,Sydney,NSW,2016,(02) 9379 0700,(02) 9379 0701,,PO Box  2676,Strawberry Hills,NSW,2012,,,,,,Minister for Social Services
Hon,Ms,MP,Price,Melissa,Lee,,M. L.,Durack,WA,LP,Female,(02) 6277 4315,2B/209 Foreshore Drive,,Geraldton,WA,6530,(08) 9964 2195,,,2B/209 Foreshore Drive,Geraldton,WA,6530,,,,,,
Hon,Mr,MP,Rae,Sam,Thomas,Sam,S. T.,Hawke,VIC,ALP,Male,(02) 6277 7720,100 McKenzie St,,Melton,VIC,3337,(03) 9070 1960,,,PO Box 374,Melton,VIC,3337,,,,,,Minister for Aged Care and Seniors
Mr,Mr,MP,Rebello,Leon,Stefan,Leon,L. S.,McPherson,QLD,LNP,Male,(02) 6277 4572,47 Watts Drive,,Varsity Lakes,QLD,4227,(07) 5580 9111,,,PO Box 409,Varsity Lakes,QLD,4227,,,,,,
Dr,Dr,MP,Reid,Gordon,James,Gordon,G. J.,Robertson,NSW,ALP,Male,(02) 6277 4901,Suite 3.04 & 3.05,"Level 3, 69 Central Coast Highway",West Gosford,NSW,2250,(02) 4322 2400,,,,,,,,,,,,
Mr,Mr,MP,Repacholi,Daniel,Peter,Dan,D. P.,Hunter,NSW,ALP,Male,(02) 6277 4930,3 Edward Street,,Cessnock,NSW,2325,(02) 4991 1022,,,PO Box 526,Cessnock,NSW,2325,,,,,,
Hon,Ms,MP,Rishworth,Amanda,Louise,,A. L.,Kingston,SA,ALP,Female,(02) 6277 7320,232 Main South Road,,Morphett Vale,SA,5162,(08) 8186 2588,(08) 8186 2688,1300 797 211,232 Main South Road ,Morphett Vale,SA,5162,,,,,,Minister for Employment and Workplace Relations
Ms,Ms,MP,Roberts,Tracey,Gardner,Tracey,T. G.,Pearce,WA,ALP,Female,(02) 6277 4921,"Unit 2, 23 Ocean Keys Boulevard",,Clarkson,WA,6030,(08) 6500 6499,,,PO Box 2663,Clarkson,WA,6030,,,,,,
Hon,Ms,MP,Rowland,Michelle,Anne,Michelle,M. A.,Greenway,NSW,ALP,Female,(02) 6277 7300,Suite 101C,130 Main Street,Blacktown,NSW,2148,(02) 9671 4780,(02) 9671 5147,,PO Box 8525,Blacktown,NSW,2148,,,,,,Attorney-General
Ms,Ms,MP,Ryan,Joanne,Catherine,Joanne,J. C.,Lalor,VIC,ALP,Female,(02) 6277 4083,Tenancies 3 & 4,203-205 Watton Street,Werribee,VIC,3030,(03) 9742 5800,(03) 9741 6213,,"Tenancies 3 & 4, 203-205 Watton Street",Werribee,VIC,3030,,,,,Chief Government Whip,
Dr,Dr,MP,Ryan,Monique,Marie,Monique,M. M.,Kooyong,VIC,IND,Female,(02) 6277 4915,145 Camberwell Road,,Hawthorn East,VIC,3123,(03) 9326 2900,,,PO Box 1227,Camberwell,VIC,3124,,,,,,
Dr,Dr,MP,Scamps,Sophie,Anna,Sophie,S. A.,Mackellar,NSW,IND,Female,(02) 6277 4936,"Shop 1&2, 1238-1246 Pittwater Road",,Narrabeen,NSW,2101,(02) 9913 9566,,,PO Box 523,Narrabeen,NSW,2101,,,,,,
Ms,Ms,MP,Scrymgour,Marion,Rose,Marion,M. R.,Lingiari,NT,ALP,Female,(02) 6277 4951,79 Todd Mall,,Alice Springs,NT,0870,(08) 8952 9696,,,PO Box 4007,Alice Springs,NT,0870,,,,,,
Ms,Ms,MP,Sharkie,Rebekha,Carina Che,Rebekha,R. C. C.,Mayo,SA,CA,Female,(02) 6277 2113,"Shop 3, Barker Plaza Shopping Centre",22-28 Hutchinson Street,Mt Barker,SA,5251,(08) 8398 5566,,,PO Box 1601,Mt Barker,SA,5251,,,,,,
Ms,Ms,MP,Sitou,Sally,,Sally,S.,Reid,NSW,ALP,Female,(02) 6277 4942,72 Burwood Road,,Burwood,NSW,2134,(02) 9715 7444,,,PO Box 2028,Burwood North,NSW,2134,,,,,,
Mr,Mr,MP,Small,Benjamin,John,Ben,B. J.,Forrest,WA,LP,Male,(02) 6277 4575,"Units 7 & 8 Grand Cinema Complex, Cnr Victoria and Clifton Streets",,Bunbury,WA,6230,(08) 9721 3788,,,PO Box 2028,Bunbury,WA,6231,,,,,,
Mr,Mr,MP,Smith,David,Philip Benedict,David,D. P. B,Bean,ACT,ALP,Male,(02) 6277 4346,205 Anketell Street,,Tuggeranong,ACT,2900,(02) 6293 1344,,,205 Anketell Street,Tuggeranong,ACT,2900,,,,,Government Whip,
Mr,Mr,MP,Smith,Matthew,John Howe,Matt,M. J. H.,Leichhardt,QLD,ALP,Male,(02) 6277 4583,"Suite 3 & 4, 200 Mulgrave Road",,Cairns,QLD,4870,(07) 4051 2220,,,PO Box 14,Bungalow,QLD,4870,,,,,,
Mr,Mr,MP,Soon,Xian-Zhi,,Zhi,X.,Banks,NSW,ALP,Male,(02) 6277 4584,22 Revesby Place,,Revesby,NSW,2212,(02) 9353 0588,,,PO Box 564,Revesby,NSW,2212,,,,,,
Ms,Ms,MP,Spender,Allegra,May,Allegra,A. M.,Wentworth,NSW,IND,Female,(02) 6277 4948,Suite 302 Level 3,179-191 New South Head Road,Edgecliff,NSW,2027,(02) 9327 3988,,,PO Box 545,Edgecliff,NSW,2027,,,,,,
Ms,Ms,MP,Stanley,Anne,Maree,Anne,A. M.,Werriwa,NSW,ALP,Female,(02) 6277 2103,"Shop 7, 441 Hoxton Park Road",,Hinchinbrook,NSW,2168,(02) 8783 0977,(02) 9825 0244,,PO Box 88,Hoxton Park,NSW,2171,,,,,Government Whip,
Ms,Ms,OAM MP,Steggall,Zali,,Zali,Z. ,Warringah,NSW,IND,Female,(02) 6277 2551,"Units 4-6, 8-28 The Corso",,Manly,NSW,2095,(02) 9977 6411,,,PO Box 450,Manly,NSW,2095,,,,,,
Ms,Ms,MP,Swanson,Meryl,Jane,,M. J.,Paterson,NSW,ALP,Female,(02) 6277 4248,35 Sturgeon Street,,Raymond Terrace,NSW,2324,(02) 4983 2401,,,PO Box 156,Raymond Terrace,NSW,2324,,,,,,
Hon,Mr,MP,Taylor,Angus,James,Angus,A. J.,Hume,NSW,LP,Male,(02) 6277 4362,,,,,,,,,,,,,,,,,,
Ms,Ms,MP,Teesdale,Jessica,Ann,Jess,J. A.,Bass,TAS,ALP,Female,(02) 6277 4591,98-102 St John Street,,Launceston,TAS,7250,(03) 6334 7033,,,PO Box 5035,Launceston,TAS,7250,,,,,,
Hon,Mr,MP,Tehan,Daniel,Thomas,Dan,D. T.,Wannon,VIC,LP,Male,(02) 6277 4426,190 Gray Street,,Hamilton,VIC,3300,(03) 5572 1100,,1300 131 692,190 Gray Street ,Hamilton,VIC,3300,,,,,,
Ms,Ms,MP,Templeman,Susan,Raye,Susan,S. R.,Macquarie,NSW,ALP,Female,(02) 6277 4784,"Ground Floor, 299 George Street",,Windsor,NSW,2756,(02) 4573 8222,(02) 4573 8396,1300 519 482,PO Box 855,Windsor,NSW,2756,,,,,,
Hon,Mr,MP,Thistlethwaite,Matthew,James,Matt,M. J.,Kingsford Smith,NSW,ALP,Male,(02) 6277 4840,Shop 6,205 Maroubra Road,Maroubra,NSW,2035,(02) 9349 6007,(02) 9349 8089,,PO Box 895,Maroubra,NSW,2035,,,,,,"Assistant Minister for ImmigrationAssistant Minister for Foreign Affairs and Trade"
Mr,Mr,MP OAM,Thompson,Phillip,,Phillip,P. ,Herbert,QLD,LNP,Male,(02) 6277 4418,G06 Nathan Business Centre,340 Ross River Road,Cranbrook,QLD,4814,(07) 4725 2066,,,PO Box 226,Aitkenvale BC,QLD,4814,,,,,,
Hon,Ms,MP,Thwaites,Kate,Lynne,Kate,K. L.,Jagajaga,VIC,ALP,Female,(02) 6277 4305,2/37 Burgundy Street,,Heidelberg,VIC,3084,(03) 9459 1411,,,PO Box 316,Heidelberg,VIC,3084,,,,,,
Ms,Ms,MP,Urquhart,Anne,Elizabeth,Anne,A. E.,Braddon,TAS,ALP,Female,(02) 6277 4288,"Shop 9, 22 Wilmot Street",,Burnie,TAS,7320,(03) 6431 1333,,,PO Box 908,Burnie,TAS,7320,,,,,,
Mr,Mr,MP,Venning,Thomas,Howard,Tom,T. H.,Grey,SA,LP,Male,(02) 6277 4594,83 Florence Street,,Port Pirie,SA,5540,(08) 8633 1744,(08) 8633 1749,,PO Box 296,Port Pirie,SA,5540,,,,,,
Mr,Mr,MP,Violi,Aaron,Anthony,Aaron,A. A.,Casey,VIC,LP,Male,(02) 6277 4088,110-112 Main Street,,Lilydale,VIC,3140,(03) 9727 0799,,,PO Box 341,Lilydale,VIC,3140,,,,,Opposition Chief Whip,
Mr,Mr,MP,Wallace,Andrew,Bruce,Andrew,A. B.,Fisher,QLD,LNP,Male,(02) 6277 4282,"'The Edge' Upper Level East, Unit 11",10 Lake Kawana Boulevard,Bokarina,QLD,4575,(07) 5493 5556,,,PO Box 1224,Buddina,QLD,4575,,,,,,
Ms,Ms,MP,Watson-Brown,Elizabeth,,Elizabeth,E.,Ryan,QLD,AG,Female,(02) 6277 2172,188 Moggill Road,,Taringa,QLD,4068,(07) 3378 1599,,,PO Box 704,Indooroopilly Centre,QLD,4068,,,,,,
Hon,Mr,MP,Watts,Timothy,Graham,Tim,T. G.,Gellibrand,VIC,ALP,Male,(02) 6277 4537,Ground Floor Units 2 & 3,455 Melbourne Road,Newport,VIC,3015,(03) 9687 7661,(03) 9687 7151,,Ground Floor Units 2 & 3,Newport,VIC,3015,,,,,,
Dr,Dr,MP,Webster,Anne,Elizabeth,Anne,A. E.,Mallee,VIC,NATS,Female,(02) 6277 4027,"Ground Floor, 148 Eighth Street",,Mildura,VIC,3500,(03) 5021 5987,,,PO Box 1133,Mildura,VIC,3502,,,,,,
Hon,Ms,MP,Wells,Anika,Shay,Anika,A. S.,Lilley,QLD,ALP,Female,(02) 6277 7480,Ground floor,1176 Sandgate Road,Nundah,QLD,4012,(07) 3266 8244,,,PO Box 182,Nundah,QLD,4012,,,,,,"Minister for SportMinister for Communications"
Hon,Ms,MP,White,Rebecca,Peta,Rebecca,R.,Lyons,TAS,ALP,Female,(02) 6277 4268,"Suite 105, Green Point Plaza, 28 Green Point Road",,Bridgewater,TAS,7030,(03) 6263 3721,,,PO Box 61,Bridgewater,TAS,7030,,,,,,"Assistant Minister for WomenAssistant Minister for Health and Aged CareAssistant Minister for Indigenous Health"
Mr,Mr,MP,Wilkie,Andrew,Damien,Andrew,A. D.,Clark,TAS,IND,Male,(02) 6277 4766,188 Collins Street,,Hobart,TAS,7001,(03) 6234 5255,,,PO Box 32,Hobart,TAS,7001,,,,,,
Mr,Mr,MP,Willcox,Andrew,John,Andrew,A. J.,Dawson,QLD,LNP,Male,(02) 6277 2104,Level 2,47 Gordon Street,Mackay,QLD,4740,(07) 4944 0662,,,PO Box 1697,Mackay,QLD,4740,,,,,,
Hon,Mr,MP,Wilson,Joshua,Hamilton,Josh,J. H.,Fremantle,WA,ALP,Male,(02) 6277 2081,"Office 12, Level 1",135 High Street Mall,Fremantle,WA,6160,(08) 9335 8555,,,PO Box 1224,Fremantle,WA,6160,,,,,,"Assistant Minister for Climate Change and EnergyAssistant Minister for Emergency Management"
Mr,Mr,MP,Wilson,Richard,James,Rick,R. J.,O'Connor,WA,LP,Male,(02) 6277 4101,345 Hannan Street,,Kalgoorlie,WA,6430,(08) 9021 2044,(08) 9021 2033,,PO Box 10415,Kalgoorlie,WA,6430,,,,,,
Hon,Mr,MP,Wilson,Timothy,Robert,Tim,T. R.,Goldstein,VIC,LP,Male,(02) 6277 4595,677 Nepean Highway,,Brighton East,VIC,3187,(03) 9021 9955,,,677 Nepean Highway,Brighton East,VIC,3187,,,,,,
Ms,Ms,MP,Witty,Sarah,Jane,Sarah,S. J.,Melbourne,VIC,ALP,Female,(02) 6277 4597,142 Johnston Sreet,,Fitzroy,VIC,3065,(03) 7066 6595,,,PO Box 1063,Collingwood,VIC,3066,,,,,,
Hon,Mr,MP,Wood,Jason,Peter,Jason,J. P.,La Trobe,VIC,LP,Male,(02) 6277 4982,Unit 3,16 Langmore Lane,Berwick,VIC,3806,(03) 9768 9164,,,PO Box 539,Berwick,VIC,3806,,,,,,
Mr,Mr,MP,Young,Terry,James,Terry,T. J.,Longman,QLD,LNP,Male,(02) 6277 4030,Level 1,"Unit A, 69 King Street",Caboolture,QLD,4510,(07) 5432 3177,,,PO Box 42,Caboolture,QLD,4510,,,,,Second Deputy Speaker,
Mr,Mr,MP,Zappia,Antonio,,Tony,A.,Makin,SA,ALP,Male,(02) 6277 4147,959 North East Road,,Modbury,SA,5092,(08) 8265 3100,(08) 8265 3900,,PO Box 219,Modbury North,SA,5092,,,,,,
